AREA_QUEIM_ANO,ano
915223.419561141,2023
1236528.0334871493,2022
1018696.7040600003,2021
1491426.500577,2020
1206317.7612448896,2019
650356.2418569999,2018
